ID,name,createdAt,createdBy,modifiedAt,modifiedBy
23941038-fad9-4314-8da5-6daa2c2a41e7,name-23941038,2006-03-01T00:00:00.000Z,createdBy.e950u@example.net,2011-06-08T00:00:00.000Z,modifiedBy.e950u@example.org
16381913-d37d-4561-ac13-bd7a94de5e20,name-16381913,2021-06-17T00:00:00.000Z,createdBy.9r4d5@example.com,2008-12-20T00:00:00.000Z,modifiedBy.9r4d5@example.net
16381914-cfc1-4bc2-b060-3d31746a9dfa,name-16381914,2003-09-07T00:00:00.000Z,createdBy.9r4d6@example.com,2022-05-12T00:00:00.000Z,modifiedBy.9r4d6@example.org
16381915-f8db-43ce-8d1c-4f430d1adfd1,name-16381915,2021-05-26T00:00:00.000Z,createdBy.9r4d7@example.net,2015-10-24T00:00:00.000Z,modifiedBy.9r4d7@example.org
16381916-2a80-4667-9f53-1cde98b25fb0,name-16381916,2021-05-09T00:00:00.000Z,createdBy.9r4d8@example.net,2010-09-01T00:00:00.000Z,modifiedBy.9r4d8@example.com
16381917-8170-4e90-af56-bde5869d187d,name-16381917,2011-01-18T00:00:00.000Z,createdBy.9r4d9@example.net,2013-06-04T00:00:00.000Z,modifiedBy.9r4d9@example.com
16381918-c0c2-4714-9bf7-71f683379f83,name-16381918,2002-03-28T00:00:00.000Z,createdBy.9r4da@example.org,2013-09-26T00:00:00.000Z,modifiedBy.9r4da@example.net
16381919-e557-47a5-bc0b-44683a463858,name-16381919,2019-06-21T00:00:00.000Z,createdBy.9r4db@example.net,2011-05-28T00:00:00.000Z,modifiedBy.9r4db@example.org
16381920-5553-4bf3-b7b0-8324145f17b9,name-16381920,2001-09-11T00:00:00.000Z,createdBy.9r4dc@example.org,2018-11-14T00:00:00.000Z,modifiedBy.9r4dc@example.net
16381921-2636-47ec-93ec-7416ecab5204,name-16381921,2015-09-19T00:00:00.000Z,createdBy.9r4dd@example.com,2009-01-02T00:00:00.000Z,modifiedBy.9r4dd@example.com